{"accuracy":{"ents_f":85.8587845242,"ents_p":86.3317889027,"ents_r":85.3909350025,"las":89.6616629074,"tags_acc":96.7783856079,"token_acc":99.0697323163,"uas":91.5287392082},"author":"Explosion AI","description":"English multi-task CNN trained on OntoNotes. Assigns context-specific token vectors, POS tags, dependency parse and named entities.","email":"contact@explosion.ai","lang":"en","license":"MIT","name":"core_web_sm","parent_package":"spacy","pipeline":["tagger","parser","ner"],"sources":["OntoNotes 5"],"spacy_version":">=2.1.0","speed":{"cpu":6684.8046553827,"gpu":null,"nwords":291314},"url":"https://explosion.ai","version":"2.1.0","vectors":{"width":0,"vectors":0,"keys":0,"name":null}}